{"data":{"items":{"content":{"title":"Rock-solid projects, powerful partnership.","subtitle":"Partnership Story","description":"<p>Realize their full potential of having a partner who crafts digital solutions that stand the test of time. We spent the last 17 years helping our partners Strategize, Design, Develop and grow their Brands & Products.</p>"},"image":{"alt":"anchorwave group","url":{"childImageSharp":{"fluid":{"srcWebp":"/static/6c753a4c8e6a88637973aa332504ca58/830fd/anchorwave-group.webp"}}}},"logo":{"url":{"childImageSharp":{"fluid":{"srcWebp":"/static/41122c87848798b4bfcc5174b7a9a332/4380b/anchorwave-logo-white.webp"}}},"alt":"anchorwave logo","width":"201px"},"button":{"title":"Read the Story","url":"/anchorwave/"}}}}