{"data":{"site":{"siteMetadata":{"title":"Kathmandu Web Design & Digital Marketing Agency | Lastdoor","description":"Lastdoor Website Solutions is a #1 leader in Web design & Digital Marketing services, helping businesses create a robust and successful web presence.","author":"@Lastdoor"}},"sitelogo":{"edges":[{"node":{"id":"4de3c45b-7205-5f0f-8450-6e47578b62e3","publicURL":"/static/aeb7864c6e124d5bdec4b4b603c22ea4/logo.png"}}]},"dataScreenshot":{"edges":[{"node":{"id":"de2fc865-2f48-5df0-aca1-b47e1faf9a56","publicURL":"/static/fd8d93136a2a027accf7383d9006ecee/home-screenshot.png"}}]}}}