{"data":{"site":{"siteMetadata":{"title":"Kathmandu Web Design & Digital Marketing Agency | Lastdoor","description":"Lastdoor Website Solutions is a #1 leader in Web design & Digital Marketing services, helping businesses create a robust and successful web presence.","author":"@Lastdoor"}},"sitelogo":{"edges":[{"node":{"id":"dcacc0eb-cf1a-54f5-ae81-b81d0920d8fe","publicURL":"/static/aeb7864c6e124d5bdec4b4b603c22ea4/logo.png"}}]},"dataScreenshot":{"edges":[{"node":{"id":"84bba363-f6c7-58f8-8c9d-b6adddbfe966","publicURL":"/static/e6d8b7099e8777bc2517f0fd52421a6d/home-screenshot.png"}}]}}}