{"/*":["X-XSS-Protection: 1; mode=block","X-Content-Type-Options: nosniff","Referrer-Policy: same-origin","X-Frame-Options: DENY"],"/static/texture-de04b4ef0e15f842f465e58d81700bd6.png":["Cache-Control: public, max-age=31536000, immutable"],"/static/CircularStd-Black-975b9686dcc2d1c06a091cfae93e24b9.woff2":["Cache-Control: public, max-age=31536000, immutable"],"/static/CircularStd-Black-c2514bf5a3b02c279da5aca7f531d30d.woff":["Cache-Control: public, max-age=31536000, immutable"],"/static/CircularStd-Bold-83b34360f4582af4ca0ad06c76647ac4.woff2":["Cache-Control: public, max-age=31536000, immutable"],"/static/CircularStd-Book-bdaf5fa2b9050df3f87a7a74406df854.woff":["Cache-Control: public, max-age=31536000, immutable"],"/static/CircularStd-Book-47fd7b6c38c1df26edb60243043ca62f.woff2":["Cache-Control: public, max-age=31536000, immutable"],"/static/CircularStd-BookItalic-8e672dffb23c10a0a7b8d15c92458cf2.woff2":["Cache-Control: public, max-age=31536000, immutable"],"/static/CircularStd-BookItalic-46cb22705647c265c845a51420906aff.woff":["Cache-Control: public, max-age=31536000, immutable"],"/static/wordpress-logotype-wmark-5f911700ffb30b488912046cabb3c230.webp":["Cache-Control: public, max-age=31536000, immutable"],"/static/service-card-img-6f015aa9d57dab5d75b2193794a75288.webp":["Cache-Control: public, max-age=31536000, immutable"],"/static/anchorwave_white_label_partner-f71c663ebff11cb335a73a6b76cc8b63.jpg":["Cache-Control: public, max-age=31536000, immutable"],"/static/highstep_white_label_partner-9993471f5fc4aeb98d38a32ed05f7c8b.jpg":["Cache-Control: public, max-age=31536000, immutable"],"/static/e11group_white_label_partner-f4f9c5e25e8d112e2a7300eddda40d68.jpg":["Cache-Control: public, max-age=31536000, immutable"],"/static/featured-article-image-ca7604b5033b17900bce3a2329973479.webp":["Cache-Control: public, max-age=31536000, immutable"],"/static/strategy-illustration-c7c971639a04921a109849168686e343.svg":["Cache-Control: public, max-age=31536000, immutable"],"/static/strategy-img-e1d9d06ce9e95aa2296e20fc954e844c.webp":["Cache-Control: public, max-age=31536000, immutable"],"/static/process-icon-1-f9170d19c2e5187c930f2aa2b43d47b5.svg":["Cache-Control: public, max-age=31536000, immutable"],"/static/process-icon-2-dec8f672424e1ac78d47657380e2fb4d.svg":["Cache-Control: public, max-age=31536000, immutable"],"/static/process-icon-3-4cbcb9d2e1870d695503b5de5e620d49.svg":["Cache-Control: public, max-age=31536000, immutable"],"/static/process-icon-4-f35c417c00a2dbfa19e04c5d8ae319ac.svg":["Cache-Control: public, max-age=31536000, immutable"],"/static/process-icon-5-29634261cac29105a70db40257fff7dd.svg":["Cache-Control: public, max-age=31536000, immutable"],"/static/highsep-white-logo-70e4f6d5279e02c8ad8c85aca8288838.png":["Cache-Control: public, max-age=31536000, immutable"],"/static/grapic-welcome-48d62655dfa2f61e0360c2aeadfeee04.svg":["Cache-Control: public, max-age=31536000, immutable"],"/static/kings-twins-uk-logo-c1e30407b35850c590412683f5bda723.webp":["Cache-Control: public, max-age=31536000, immutable"],"/static/twins-showcase-01-0d88990c97afae48a4dfb9941e7c47de.webp":["Cache-Control: public, max-age=31536000, immutable"],"/static/twins-showcase-02-5226185078e39a8875ac611da97f27cc.webp":["Cache-Control: public, max-age=31536000, immutable"],"/static/twins-showcase-03-0f33257e82d152489070af821ee1efab.webp":["Cache-Control: public, max-age=31536000, immutable"],"/static/agency_coach_last_door-48b54fba403ef915a2deae59ca0ccf03.webp":["Cache-Control: public, max-age=31536000, immutable"],"/static/amg_aesthetics_last_door-29e1d668ee660bc7edfbb16f639b7778.webp":["Cache-Control: public, max-age=31536000, immutable"],"/static/amore_events_last_door-d9ee4fd231725bf8b4f77e16be2b505f.webp":["Cache-Control: public, max-age=31536000, immutable"],"/static/foothills_club_last_door-b43d6e7dc5bd3075b34aa6cd1ec0c2df.webp":["Cache-Control: public, max-age=31536000, immutable"],"/static/boyce_thompson_arboretum_last_door-e18bffa55f23fea3ed5a488f5ba315a7.webp":["Cache-Control: public, max-age=31536000, immutable"],"/static/bryan_dulaney_last_door-666cba5cb1de4f8fede7a2ce6c121a5a.webp":["Cache-Control: public, max-age=31536000, immutable"],"/static/gaon_plastic_surgery_last_door-f954e42091309cee1a7e5cd932a0c0ed.webp":["Cache-Control: public, max-age=31536000, immutable"],"/static/glhn_last_door-58a0f8117680e35c91232470175abb40.webp":["Cache-Control: public, max-age=31536000, immutable"],"/static/interiors_in_design_last_door-4486c657e449feba7b891680df22f733.webp":["Cache-Control: public, max-age=31536000, immutable"],"/static/never_ending_cashflow_last_door-a1e0af83505d75cc511c44f3911e2f9a.webp":["Cache-Control: public, max-age=31536000, immutable"],"/static/stephen_larsen_last_door-bc030fbf40f57352eac5c66b5749ce2f.webp":["Cache-Control: public, max-age=31536000, immutable"],"/static/valeria_grunbaum_last_door-ea499119bef05a8e0202ae3654adaee1.webp":["Cache-Control: public, max-age=31536000, immutable"],"/static/working-illustration-9d7abc9475f6ea1bcab8deccb41d601c.svg":["Cache-Control: public, max-age=31536000, immutable"],"/static/featured-img-01-a1830717e04eb315c23dd3a3c65d9ed9.webp":["Cache-Control: public, max-age=31536000, immutable"],"/static/estd-badge-b0dc510456e449b20c980b97268fa8cf.png":["Cache-Control: public, max-age=31536000, immutable"],"/static/graphic-01-2474f4ad1647353e15961b8279f3dfef.svg":["Cache-Control: public, max-age=31536000, immutable"],"/static/graphic-02-510b9fbaa7c708a2822b2199b5086b02.svg":["Cache-Control: public, max-age=31536000, immutable"],"/static/graphic-04-153aafe5c15d6510f074ae41de3eef38.svg":["Cache-Control: public, max-age=31536000, immutable"],"/styles.25308edfc6479732ff9d.css":["Cache-Control: public, max-age=31536000, immutable"],"/731-66a2d6eaa52acb90af4f.js.LICENSE.txt":["Cache-Control: public, max-age=31536000, immutable"],"/94726e6d-30e857b62cd635074f67.js.LICENSE.txt":["Cache-Control: public, max-age=31536000, immutable"],"/app-00d36fde93c641075d22.js.LICENSE.txt":["Cache-Control: public, max-age=31536000, immutable"],"/b637e9a5-fd499fde14cef9036c9a.js.LICENSE.txt":["Cache-Control: public, max-age=31536000, immutable"],"/component---src-pages-animated-js-5b436e88ecf3a3291cad.js.LICENSE.txt":["Cache-Control: public, max-age=31536000, immutable"],"/component---src-pages-work-js-2f5536d3a72d699226aa.js.LICENSE.txt":["Cache-Control: public, max-age=31536000, immutable"],"/framework-45add759ca8f6d2b712e.js.LICENSE.txt":["Cache-Control: public, max-age=31536000, immutable"],"/app-00d36fde93c641075d22.js":["Cache-Control: public, max-age=31536000, immutable"],"/webpack-runtime-8aa6e00ca79d02585cc5.js":["Cache-Control: public, max-age=31536000, immutable"],"/component---cache-caches-gatsby-plugin-offline-app-shell-js-f063bdbfba76d039a0f3.js":["Cache-Control: public, max-age=31536000, immutable"],"/component---src-pages-404-js-f858ac9bf1dcac56d6f3.js":["Cache-Control: public, max-age=31536000, immutable"],"/component---src-pages-about-js-8c350af766b941e89a49.js":["Cache-Control: public, max-age=31536000, immutable"],"/component---src-pages-anchorwave-js-c73535f7a8069a81e1aa.js":["Cache-Control: public, max-age=31536000, immutable"],"/component---src-pages-animated-js-5b436e88ecf3a3291cad.js":["Cache-Control: public, max-age=31536000, immutable"],"/component---src-pages-b-2-b-services-js-01f138e6bbaccd6e59aa.js":["Cache-Control: public, max-age=31536000, immutable"],"/component---src-pages-battigayo-js-aed03299f77e34dfde5a.js":["Cache-Control: public, max-age=31536000, immutable"],"/component---src-pages-contact-js-2a083eb691dac8cb4626.js":["Cache-Control: public, max-age=31536000, immutable"],"/component---src-pages-discovery-world-trekking-js-f989d2f0d2375abf446c.js":["Cache-Control: public, max-age=31536000, immutable"],"/component---src-pages-e-11-group-js-3dcbb168980ede17d671.js":["Cache-Control: public, max-age=31536000, immutable"],"/component---src-pages-highstep-js-c174c8059c8deaa7e80c.js":["Cache-Control: public, max-age=31536000, immutable"],"/component---src-pages-index-js-8d8e9828a9e157837086.js":["Cache-Control: public, max-age=31536000, immutable"],"/component---src-pages-mediabook-js-9d9b6f6e1adcd4cd4031.js":["Cache-Control: public, max-age=31536000, immutable"],"/component---src-pages-twins-uk-js-6c0dbed85921b0adc1b7.js":["Cache-Control: public, max-age=31536000, immutable"],"/component---src-pages-using-typescript-tsx-31575a9311b29838513a.js":["Cache-Control: public, max-age=31536000, immutable"],"/component---src-pages-ux-design-js-d1f616953f08d396ef4f.js":["Cache-Control: public, max-age=31536000, immutable"],"/component---src-pages-wordpress-js-97f07b519a33ca6261a9.js":["Cache-Control: public, max-age=31536000, immutable"],"/component---src-pages-work-js-2f5536d3a72d699226aa.js":["Cache-Control: public, max-age=31536000, immutable"],"/731-66a2d6eaa52acb90af4f.js":["Cache-Control: public, max-age=31536000, immutable"],"/843-ff0fd140702986033aa6.js":["Cache-Control: public, max-age=31536000, immutable"],"/framework-45add759ca8f6d2b712e.js":["Cache-Control: public, max-age=31536000, immutable"],"/b637e9a5-fd499fde14cef9036c9a.js":["Cache-Control: public, max-age=31536000, immutable"],"/94726e6d-30e857b62cd635074f67.js":["Cache-Control: public, max-age=31536000, immutable"],"/dbf843b7f00421134c8415c22fc601550bb6f2d5-31739acc3e616c5173ac.js":["Cache-Control: public, max-age=31536000, immutable"],"/50a4b50c3e0565a4c4fe50ecd1e549f2ee37b18f-c4a19447f90c5b0e84cd.js":["Cache-Control: public, max-age=31536000, immutable"],"/3c743ff99b3cfb27f91a58f4bc98db2ce554b591-9149dd3c2f0df1f4dca6.js":["Cache-Control: public, max-age=31536000, immutable"],"/418acec95067fb32f6fd54597028e22f231393b5-ce390c63a23f9e7af1e5.js":["Cache-Control: public, max-age=31536000, immutable"],"/efa8bcaa67932873514933ad48a02b97e636fc01-d679289a75b253cfc7e8.js":["Cache-Control: public, max-age=31536000, immutable"],"/d52d910f16d29bd7f8488d132fe4b67b7a9f9cf9-59807b589f08823942ae.js":["Cache-Control: public, max-age=31536000, immutable"],"/app-00d36fde93c641075d22.js.map":["Cache-Control: public, max-age=31536000, immutable"],"/webpack-runtime-8aa6e00ca79d02585cc5.js.map":["Cache-Control: public, max-age=31536000, immutable"],"/component---cache-caches-gatsby-plugin-offline-app-shell-js-f063bdbfba76d039a0f3.js.map":["Cache-Control: public, max-age=31536000, immutable"],"/component---src-pages-404-js-f858ac9bf1dcac56d6f3.js.map":["Cache-Control: public, max-age=31536000, immutable"],"/component---src-pages-about-js-8c350af766b941e89a49.js.map":["Cache-Control: public, max-age=31536000, immutable"],"/component---src-pages-anchorwave-js-c73535f7a8069a81e1aa.js.map":["Cache-Control: public, max-age=31536000, immutable"],"/component---src-pages-animated-js-5b436e88ecf3a3291cad.js.map":["Cache-Control: public, max-age=31536000, immutable"],"/component---src-pages-b-2-b-services-js-01f138e6bbaccd6e59aa.js.map":["Cache-Control: public, max-age=31536000, immutable"],"/component---src-pages-battigayo-js-aed03299f77e34dfde5a.js.map":["Cache-Control: public, max-age=31536000, immutable"],"/component---src-pages-contact-js-2a083eb691dac8cb4626.js.map":["Cache-Control: public, max-age=31536000, immutable"],"/component---src-pages-discovery-world-trekking-js-f989d2f0d2375abf446c.js.map":["Cache-Control: public, max-age=31536000, immutable"],"/component---src-pages-e-11-group-js-3dcbb168980ede17d671.js.map":["Cache-Control: public, max-age=31536000, immutable"],"/component---src-pages-highstep-js-c174c8059c8deaa7e80c.js.map":["Cache-Control: public, max-age=31536000, immutable"],"/component---src-pages-index-js-8d8e9828a9e157837086.js.map":["Cache-Control: public, max-age=31536000, immutable"],"/component---src-pages-mediabook-js-9d9b6f6e1adcd4cd4031.js.map":["Cache-Control: public, max-age=31536000, immutable"],"/component---src-pages-twins-uk-js-6c0dbed85921b0adc1b7.js.map":["Cache-Control: public, max-age=31536000, immutable"],"/component---src-pages-using-typescript-tsx-31575a9311b29838513a.js.map":["Cache-Control: public, max-age=31536000, immutable"],"/component---src-pages-ux-design-js-d1f616953f08d396ef4f.js.map":["Cache-Control: public, max-age=31536000, immutable"],"/component---src-pages-wordpress-js-97f07b519a33ca6261a9.js.map":["Cache-Control: public, max-age=31536000, immutable"],"/component---src-pages-work-js-2f5536d3a72d699226aa.js.map":["Cache-Control: public, max-age=31536000, immutable"],"/731-66a2d6eaa52acb90af4f.js.map":["Cache-Control: public, max-age=31536000, immutable"],"/843-ff0fd140702986033aa6.js.map":["Cache-Control: public, max-age=31536000, immutable"],"/framework-45add759ca8f6d2b712e.js.map":["Cache-Control: public, max-age=31536000, immutable"],"/b637e9a5-fd499fde14cef9036c9a.js.map":["Cache-Control: public, max-age=31536000, immutable"],"/94726e6d-30e857b62cd635074f67.js.map":["Cache-Control: public, max-age=31536000, immutable"],"/dbf843b7f00421134c8415c22fc601550bb6f2d5-31739acc3e616c5173ac.js.map":["Cache-Control: public, max-age=31536000, immutable"],"/50a4b50c3e0565a4c4fe50ecd1e549f2ee37b18f-c4a19447f90c5b0e84cd.js.map":["Cache-Control: public, max-age=31536000, immutable"],"/3c743ff99b3cfb27f91a58f4bc98db2ce554b591-9149dd3c2f0df1f4dca6.js.map":["Cache-Control: public, max-age=31536000, immutable"],"/418acec95067fb32f6fd54597028e22f231393b5-ce390c63a23f9e7af1e5.js.map":["Cache-Control: public, max-age=31536000, immutable"],"/efa8bcaa67932873514933ad48a02b97e636fc01-d679289a75b253cfc7e8.js.map":["Cache-Control: public, max-age=31536000, immutable"],"/d52d910f16d29bd7f8488d132fe4b67b7a9f9cf9-59807b589f08823942ae.js.map":["Cache-Control: public, max-age=31536000, immutable"],"/static/*":["Cache-Control: public, max-age=31536000, immutable"],"/sw.js":["Cache-Control: public, max-age=0, must-revalidate"]}