{"/*":["X-Frame-Options: DENY","X-XSS-Protection: 1; mode=block","X-Content-Type-Options: nosniff","Referrer-Policy: same-origin"],"/90efd91f6bc05a45f907f705c22c97514a841b4a-2a9ade7bcbe97d29712a.js":["Cache-Control: public, max-age=31536000, immutable"],"/component---src-pages-404-js-c63f497e32d486173f79.js":["Cache-Control: public, max-age=31536000, immutable"],"/727fe0ae8670ecd9cb5a9b0796ac3fabc1d6b5f7-2c9df330ab69c02eb975.js":["Cache-Control: public, max-age=31536000, immutable"],"/component---src-pages-about-js-f20d10bbfcc241d099cb.js":["Cache-Control: public, max-age=31536000, immutable"],"/component---src-pages-anchorwave-js-ef1d3d4fa1c664c7e88b.js":["Cache-Control: public, max-age=31536000, immutable"],"/d62cf4b5ddbe46b80ebafbd3fda93c7e6994656d-5ca5353116627b043ff5.js":["Cache-Control: public, max-age=31536000, immutable"],"/d52d910f16d29bd7f8488d132fe4b67b7a9f9cf9-37886f5c66b56036716b.js":["Cache-Control: public, max-age=31536000, immutable"],"/component---src-pages-animated-js-6792192daedad4b50788.js":["Cache-Control: public, max-age=31536000, immutable"],"/component---src-pages-battigayo-js-98ee0e4085a3bbe8e007.js":["Cache-Control: public, max-age=31536000, immutable"],"/component---src-pages-contact-js-c8e04263e43b82f982da.js":["Cache-Control: public, max-age=31536000, immutable"],"/component---src-pages-discovery-world-trekking-js-a2cf18c4582de09cd318.js":["Cache-Control: public, max-age=31536000, immutable"],"/component---src-pages-index-js-a3f6eb2cd84e91b46d64.js":["Cache-Control: public, max-age=31536000, immutable"],"/component---src-pages-mediabook-js-286f34495b492eed1eb5.js":["Cache-Control: public, max-age=31536000, immutable"],"/component---src-pages-service-single-js-2ce11ddf50f768c454db.js":["Cache-Control: public, max-age=31536000, immutable"],"/component---src-pages-using-typescript-tsx-ecae756901c07d38b233.js":["Cache-Control: public, max-age=31536000, immutable"],"/component---src-pages-ux-design-js-df067307b432584042c8.js":["Cache-Control: public, max-age=31536000, immutable"],"/component---src-pages-work-js-39783e9936ac7ecc758e.js":["Cache-Control: public, max-age=31536000, immutable"],"/component---cache-caches-gatsby-plugin-offline-app-shell-js-76a1f6f3b33699e8c09e.js":["Cache-Control: public, max-age=31536000, immutable"],"/webpack-runtime-b639ece8383f4c44b8b2.js":["Cache-Control: public, max-age=31536000, immutable"],"/framework-95f350d85a2f49fb7b27.js":["Cache-Control: public, max-age=31536000, immutable"],"/styles.105146036a9dcd95944d.css":["Cache-Control: public, max-age=31536000, immutable"],"/b637e9a5-a3a9f9f89f49079e9ebc.js":["Cache-Control: public, max-age=31536000, immutable"],"/dc6a8720040df98778fe970bf6c000a41750d3ae-3144ec2558fe23c78042.js":["Cache-Control: public, max-age=31536000, immutable"],"/app-6ef63a2a560a7184c2c6.js":["Cache-Control: public, max-age=31536000, immutable"],"/static/*":["Cache-Control: public, max-age=31536000, immutable"],"/sw.js":["Cache-Control: public, max-age=0, must-revalidate"],"/404/":["Link: </webpack-runtime-b639ece8383f4c44b8b2.js>; rel=preload; as=script; nopush","Link: </framework-95f350d85a2f49fb7b27.js>; rel=preload; as=script; nopush","Link: </b637e9a5-a3a9f9f89f49079e9ebc.js>; rel=preload; as=script; nopush","Link: </dc6a8720040df98778fe970bf6c000a41750d3ae-3144ec2558fe23c78042.js>; rel=preload; as=script; nopush","Link: </app-6ef63a2a560a7184c2c6.js>; rel=preload; as=script; nopush","Link: </90efd91f6bc05a45f907f705c22c97514a841b4a-2a9ade7bcbe97d29712a.js>; rel=preload; as=script; nopush","Link: </component---src-pages-404-js-c63f497e32d486173f79.js>; rel=preload; as=script; nopush","Link: </page-data/app-data.json>; rel=preload; as=fetch; crossorigin; nopush","Link: </page-data/404/page-data.json>; rel=preload; as=fetch; crossorigin; nopush"],"/404.html":["Link: </webpack-runtime-b639ece8383f4c44b8b2.js>; rel=preload; as=script; nopush","Link: </framework-95f350d85a2f49fb7b27.js>; rel=preload; as=script; nopush","Link: </b637e9a5-a3a9f9f89f49079e9ebc.js>; rel=preload; as=script; nopush","Link: </dc6a8720040df98778fe970bf6c000a41750d3ae-3144ec2558fe23c78042.js>; rel=preload; as=script; nopush","Link: </app-6ef63a2a560a7184c2c6.js>; rel=preload; as=script; nopush","Link: </90efd91f6bc05a45f907f705c22c97514a841b4a-2a9ade7bcbe97d29712a.js>; rel=preload; as=script; nopush","Link: </component---src-pages-404-js-c63f497e32d486173f79.js>; rel=preload; as=script; nopush","Link: </page-data/app-data.json>; rel=preload; as=fetch; crossorigin; nopush","Link: </page-data/404.html/page-data.json>; rel=preload; as=fetch; crossorigin; nopush"],"/about/":["Link: </webpack-runtime-b639ece8383f4c44b8b2.js>; rel=preload; as=script; nopush","Link: </framework-95f350d85a2f49fb7b27.js>; rel=preload; as=script; nopush","Link: </b637e9a5-a3a9f9f89f49079e9ebc.js>; rel=preload; as=script; nopush","Link: </dc6a8720040df98778fe970bf6c000a41750d3ae-3144ec2558fe23c78042.js>; rel=preload; as=script; nopush","Link: </app-6ef63a2a560a7184c2c6.js>; rel=preload; as=script; nopush","Link: </90efd91f6bc05a45f907f705c22c97514a841b4a-2a9ade7bcbe97d29712a.js>; rel=preload; as=script; nopush","Link: </727fe0ae8670ecd9cb5a9b0796ac3fabc1d6b5f7-2c9df330ab69c02eb975.js>; rel=preload; as=script; nopush","Link: </component---src-pages-about-js-f20d10bbfcc241d099cb.js>; rel=preload; as=script; nopush","Link: </page-data/app-data.json>; rel=preload; as=fetch; crossorigin; nopush","Link: </page-data/about/page-data.json>; rel=preload; as=fetch; crossorigin; nopush"],"/anchorwave/":["Link: </webpack-runtime-b639ece8383f4c44b8b2.js>; rel=preload; as=script; nopush","Link: </framework-95f350d85a2f49fb7b27.js>; rel=preload; as=script; nopush","Link: </b637e9a5-a3a9f9f89f49079e9ebc.js>; rel=preload; as=script; nopush","Link: </dc6a8720040df98778fe970bf6c000a41750d3ae-3144ec2558fe23c78042.js>; rel=preload; as=script; nopush","Link: </app-6ef63a2a560a7184c2c6.js>; rel=preload; as=script; nopush","Link: </90efd91f6bc05a45f907f705c22c97514a841b4a-2a9ade7bcbe97d29712a.js>; rel=preload; as=script; nopush","Link: </727fe0ae8670ecd9cb5a9b0796ac3fabc1d6b5f7-2c9df330ab69c02eb975.js>; rel=preload; as=script; nopush","Link: </component---src-pages-anchorwave-js-ef1d3d4fa1c664c7e88b.js>; rel=preload; as=script; nopush","Link: </page-data/app-data.json>; rel=preload; as=fetch; crossorigin; nopush","Link: </page-data/anchorwave/page-data.json>; rel=preload; as=fetch; crossorigin; nopush"],"/animated/":["Link: </webpack-runtime-b639ece8383f4c44b8b2.js>; rel=preload; as=script; nopush","Link: </framework-95f350d85a2f49fb7b27.js>; rel=preload; as=script; nopush","Link: </b637e9a5-a3a9f9f89f49079e9ebc.js>; rel=preload; as=script; nopush","Link: </dc6a8720040df98778fe970bf6c000a41750d3ae-3144ec2558fe23c78042.js>; rel=preload; as=script; nopush","Link: </app-6ef63a2a560a7184c2c6.js>; rel=preload; as=script; nopush","Link: </90efd91f6bc05a45f907f705c22c97514a841b4a-2a9ade7bcbe97d29712a.js>; rel=preload; as=script; nopush","Link: </d62cf4b5ddbe46b80ebafbd3fda93c7e6994656d-5ca5353116627b043ff5.js>; rel=preload; as=script; nopush","Link: </d52d910f16d29bd7f8488d132fe4b67b7a9f9cf9-37886f5c66b56036716b.js>; rel=preload; as=script; nopush","Link: </component---src-pages-animated-js-6792192daedad4b50788.js>; rel=preload; as=script; nopush","Link: </page-data/app-data.json>; rel=preload; as=fetch; crossorigin; nopush","Link: </page-data/animated/page-data.json>; rel=preload; as=fetch; crossorigin; nopush"],"/battigayo/":["Link: </webpack-runtime-b639ece8383f4c44b8b2.js>; rel=preload; as=script; nopush","Link: </framework-95f350d85a2f49fb7b27.js>; rel=preload; as=script; nopush","Link: </b637e9a5-a3a9f9f89f49079e9ebc.js>; rel=preload; as=script; nopush","Link: </dc6a8720040df98778fe970bf6c000a41750d3ae-3144ec2558fe23c78042.js>; rel=preload; as=script; nopush","Link: </app-6ef63a2a560a7184c2c6.js>; rel=preload; as=script; nopush","Link: </90efd91f6bc05a45f907f705c22c97514a841b4a-2a9ade7bcbe97d29712a.js>; rel=preload; as=script; nopush","Link: </component---src-pages-battigayo-js-98ee0e4085a3bbe8e007.js>; rel=preload; as=script; nopush","Link: </page-data/app-data.json>; rel=preload; as=fetch; crossorigin; nopush","Link: </page-data/battigayo/page-data.json>; rel=preload; as=fetch; crossorigin; nopush"],"/contact/":["Link: </webpack-runtime-b639ece8383f4c44b8b2.js>; rel=preload; as=script; nopush","Link: </framework-95f350d85a2f49fb7b27.js>; rel=preload; as=script; nopush","Link: </b637e9a5-a3a9f9f89f49079e9ebc.js>; rel=preload; as=script; nopush","Link: </dc6a8720040df98778fe970bf6c000a41750d3ae-3144ec2558fe23c78042.js>; rel=preload; as=script; nopush","Link: </app-6ef63a2a560a7184c2c6.js>; rel=preload; as=script; nopush","Link: </90efd91f6bc05a45f907f705c22c97514a841b4a-2a9ade7bcbe97d29712a.js>; rel=preload; as=script; nopush","Link: </component---src-pages-contact-js-c8e04263e43b82f982da.js>; rel=preload; as=script; nopush","Link: </page-data/app-data.json>; rel=preload; as=fetch; crossorigin; nopush","Link: </page-data/contact/page-data.json>; rel=preload; as=fetch; crossorigin; nopush"],"/discovery-world-trekking/":["Link: </webpack-runtime-b639ece8383f4c44b8b2.js>; rel=preload; as=script; nopush","Link: </framework-95f350d85a2f49fb7b27.js>; rel=preload; as=script; nopush","Link: </b637e9a5-a3a9f9f89f49079e9ebc.js>; rel=preload; as=script; nopush","Link: </dc6a8720040df98778fe970bf6c000a41750d3ae-3144ec2558fe23c78042.js>; rel=preload; as=script; nopush","Link: </app-6ef63a2a560a7184c2c6.js>; rel=preload; as=script; nopush","Link: </90efd91f6bc05a45f907f705c22c97514a841b4a-2a9ade7bcbe97d29712a.js>; rel=preload; as=script; nopush","Link: </d62cf4b5ddbe46b80ebafbd3fda93c7e6994656d-5ca5353116627b043ff5.js>; rel=preload; as=script; nopush","Link: </component---src-pages-discovery-world-trekking-js-a2cf18c4582de09cd318.js>; rel=preload; as=script; nopush","Link: </page-data/app-data.json>; rel=preload; as=fetch; crossorigin; nopush","Link: </page-data/discovery-world-trekking/page-data.json>; rel=preload; as=fetch; crossorigin; nopush"],"/":["Link: </webpack-runtime-b639ece8383f4c44b8b2.js>; rel=preload; as=script; nopush","Link: </framework-95f350d85a2f49fb7b27.js>; rel=preload; as=script; nopush","Link: </b637e9a5-a3a9f9f89f49079e9ebc.js>; rel=preload; as=script; nopush","Link: </dc6a8720040df98778fe970bf6c000a41750d3ae-3144ec2558fe23c78042.js>; rel=preload; as=script; nopush","Link: </app-6ef63a2a560a7184c2c6.js>; rel=preload; as=script; nopush","Link: </90efd91f6bc05a45f907f705c22c97514a841b4a-2a9ade7bcbe97d29712a.js>; rel=preload; as=script; nopush","Link: </d62cf4b5ddbe46b80ebafbd3fda93c7e6994656d-5ca5353116627b043ff5.js>; rel=preload; as=script; nopush","Link: </d52d910f16d29bd7f8488d132fe4b67b7a9f9cf9-37886f5c66b56036716b.js>; rel=preload; as=script; nopush","Link: </component---src-pages-index-js-a3f6eb2cd84e91b46d64.js>; rel=preload; as=script; nopush","Link: </page-data/app-data.json>; rel=preload; as=fetch; crossorigin; nopush","Link: </page-data/index/page-data.json>; rel=preload; as=fetch; crossorigin; nopush"],"/mediabook/":["Link: </webpack-runtime-b639ece8383f4c44b8b2.js>; rel=preload; as=script; nopush","Link: </framework-95f350d85a2f49fb7b27.js>; rel=preload; as=script; nopush","Link: </b637e9a5-a3a9f9f89f49079e9ebc.js>; rel=preload; as=script; nopush","Link: </dc6a8720040df98778fe970bf6c000a41750d3ae-3144ec2558fe23c78042.js>; rel=preload; as=script; nopush","Link: </app-6ef63a2a560a7184c2c6.js>; rel=preload; as=script; nopush","Link: </90efd91f6bc05a45f907f705c22c97514a841b4a-2a9ade7bcbe97d29712a.js>; rel=preload; as=script; nopush","Link: </component---src-pages-mediabook-js-286f34495b492eed1eb5.js>; rel=preload; as=script; nopush","Link: </page-data/app-data.json>; rel=preload; as=fetch; crossorigin; nopush","Link: </page-data/mediabook/page-data.json>; rel=preload; as=fetch; crossorigin; nopush"],"/service-single/":["Link: </webpack-runtime-b639ece8383f4c44b8b2.js>; rel=preload; as=script; nopush","Link: </framework-95f350d85a2f49fb7b27.js>; rel=preload; as=script; nopush","Link: </b637e9a5-a3a9f9f89f49079e9ebc.js>; rel=preload; as=script; nopush","Link: </dc6a8720040df98778fe970bf6c000a41750d3ae-3144ec2558fe23c78042.js>; rel=preload; as=script; nopush","Link: </app-6ef63a2a560a7184c2c6.js>; rel=preload; as=script; nopush","Link: </90efd91f6bc05a45f907f705c22c97514a841b4a-2a9ade7bcbe97d29712a.js>; rel=preload; as=script; nopush","Link: </component---src-pages-service-single-js-2ce11ddf50f768c454db.js>; rel=preload; as=script; nopush","Link: </page-data/app-data.json>; rel=preload; as=fetch; crossorigin; nopush","Link: </page-data/service-single/page-data.json>; rel=preload; as=fetch; crossorigin; nopush"],"/using-typescript/":["Link: </webpack-runtime-b639ece8383f4c44b8b2.js>; rel=preload; as=script; nopush","Link: </framework-95f350d85a2f49fb7b27.js>; rel=preload; as=script; nopush","Link: </b637e9a5-a3a9f9f89f49079e9ebc.js>; rel=preload; as=script; nopush","Link: </dc6a8720040df98778fe970bf6c000a41750d3ae-3144ec2558fe23c78042.js>; rel=preload; as=script; nopush","Link: </app-6ef63a2a560a7184c2c6.js>; rel=preload; as=script; nopush","Link: </90efd91f6bc05a45f907f705c22c97514a841b4a-2a9ade7bcbe97d29712a.js>; rel=preload; as=script; nopush","Link: </component---src-pages-using-typescript-tsx-ecae756901c07d38b233.js>; rel=preload; as=script; nopush","Link: </page-data/app-data.json>; rel=preload; as=fetch; crossorigin; nopush","Link: </page-data/using-typescript/page-data.json>; rel=preload; as=fetch; crossorigin; nopush"],"/ux-design/":["Link: </webpack-runtime-b639ece8383f4c44b8b2.js>; rel=preload; as=script; nopush","Link: </framework-95f350d85a2f49fb7b27.js>; rel=preload; as=script; nopush","Link: </b637e9a5-a3a9f9f89f49079e9ebc.js>; rel=preload; as=script; nopush","Link: </dc6a8720040df98778fe970bf6c000a41750d3ae-3144ec2558fe23c78042.js>; rel=preload; as=script; nopush","Link: </app-6ef63a2a560a7184c2c6.js>; rel=preload; as=script; nopush","Link: </90efd91f6bc05a45f907f705c22c97514a841b4a-2a9ade7bcbe97d29712a.js>; rel=preload; as=script; nopush","Link: </component---src-pages-ux-design-js-df067307b432584042c8.js>; rel=preload; as=script; nopush","Link: </page-data/app-data.json>; rel=preload; as=fetch; crossorigin; nopush","Link: </page-data/ux-design/page-data.json>; rel=preload; as=fetch; crossorigin; nopush"],"/work/":["Link: </webpack-runtime-b639ece8383f4c44b8b2.js>; rel=preload; as=script; nopush","Link: </framework-95f350d85a2f49fb7b27.js>; rel=preload; as=script; nopush","Link: </b637e9a5-a3a9f9f89f49079e9ebc.js>; rel=preload; as=script; nopush","Link: </dc6a8720040df98778fe970bf6c000a41750d3ae-3144ec2558fe23c78042.js>; rel=preload; as=script; nopush","Link: </app-6ef63a2a560a7184c2c6.js>; rel=preload; as=script; nopush","Link: </90efd91f6bc05a45f907f705c22c97514a841b4a-2a9ade7bcbe97d29712a.js>; rel=preload; as=script; nopush","Link: </component---src-pages-work-js-39783e9936ac7ecc758e.js>; rel=preload; as=script; nopush","Link: </page-data/app-data.json>; rel=preload; as=fetch; crossorigin; nopush","Link: </page-data/work/page-data.json>; rel=preload; as=fetch; crossorigin; nopush"],"/offline-plugin-app-shell-fallback/":["Link: </webpack-runtime-b639ece8383f4c44b8b2.js>; rel=preload; as=script; nopush","Link: </framework-95f350d85a2f49fb7b27.js>; rel=preload; as=script; nopush","Link: </b637e9a5-a3a9f9f89f49079e9ebc.js>; rel=preload; as=script; nopush","Link: </dc6a8720040df98778fe970bf6c000a41750d3ae-3144ec2558fe23c78042.js>; rel=preload; as=script; nopush","Link: </app-6ef63a2a560a7184c2c6.js>; rel=preload; as=script; nopush","Link: </component---cache-caches-gatsby-plugin-offline-app-shell-js-76a1f6f3b33699e8c09e.js>; rel=preload; as=script; nopush","Link: </page-data/app-data.json>; rel=preload; as=fetch; crossorigin; nopush","Link: </page-data/offline-plugin-app-shell-fallback/page-data.json>; rel=preload; as=fetch; crossorigin; nopush"]}