{"polyfill":["/polyfill-61bbd98f30f05f48f9ab.js"],"app":["/app-6ef63a2a560a7184c2c6.js"],"component---cache-caches-gatsby-plugin-offline-app-shell-js":["/component---cache-caches-gatsby-plugin-offline-app-shell-js-76a1f6f3b33699e8c09e.js"],"component---src-pages-404-js":["/component---src-pages-404-js-c63f497e32d486173f79.js"],"component---src-pages-about-js":["/component---src-pages-about-js-f20d10bbfcc241d099cb.js"],"component---src-pages-anchorwave-js":["/component---src-pages-anchorwave-js-ef1d3d4fa1c664c7e88b.js"],"component---src-pages-animated-js":["/component---src-pages-animated-js-6792192daedad4b50788.js"],"component---src-pages-battigayo-js":["/component---src-pages-battigayo-js-98ee0e4085a3bbe8e007.js"],"component---src-pages-contact-js":["/component---src-pages-contact-js-c8e04263e43b82f982da.js"],"component---src-pages-discovery-world-trekking-js":["/component---src-pages-discovery-world-trekking-js-a2cf18c4582de09cd318.js"],"component---src-pages-index-js":["/component---src-pages-index-js-a3f6eb2cd84e91b46d64.js"],"component---src-pages-mediabook-js":["/component---src-pages-mediabook-js-286f34495b492eed1eb5.js"],"component---src-pages-service-single-js":["/component---src-pages-service-single-js-2ce11ddf50f768c454db.js"],"component---src-pages-using-typescript-tsx":["/component---src-pages-using-typescript-tsx-ecae756901c07d38b233.js"],"component---src-pages-ux-design-js":["/component---src-pages-ux-design-js-df067307b432584042c8.js"],"component---src-pages-work-js":["/component---src-pages-work-js-39783e9936ac7ecc758e.js"]}