{"app":["/app-00d36fde93c641075d22.js"],"component---cache-caches-gatsby-plugin-offline-app-shell-js":["/component---cache-caches-gatsby-plugin-offline-app-shell-js-f063bdbfba76d039a0f3.js"],"component---src-pages-404-js":["/component---src-pages-404-js-f858ac9bf1dcac56d6f3.js"],"component---src-pages-about-js":["/component---src-pages-about-js-8c350af766b941e89a49.js"],"component---src-pages-anchorwave-js":["/component---src-pages-anchorwave-js-c73535f7a8069a81e1aa.js"],"component---src-pages-animated-js":["/component---src-pages-animated-js-5b436e88ecf3a3291cad.js"],"component---src-pages-b-2-b-services-js":["/component---src-pages-b-2-b-services-js-01f138e6bbaccd6e59aa.js"],"component---src-pages-battigayo-js":["/component---src-pages-battigayo-js-aed03299f77e34dfde5a.js"],"component---src-pages-contact-js":["/component---src-pages-contact-js-2a083eb691dac8cb4626.js"],"component---src-pages-discovery-world-trekking-js":["/component---src-pages-discovery-world-trekking-js-f989d2f0d2375abf446c.js"],"component---src-pages-e-11-group-js":["/component---src-pages-e-11-group-js-3dcbb168980ede17d671.js"],"component---src-pages-highstep-js":["/component---src-pages-highstep-js-c174c8059c8deaa7e80c.js"],"component---src-pages-index-js":["/component---src-pages-index-js-8d8e9828a9e157837086.js"],"component---src-pages-mediabook-js":["/component---src-pages-mediabook-js-9d9b6f6e1adcd4cd4031.js"],"component---src-pages-twins-uk-js":["/component---src-pages-twins-uk-js-6c0dbed85921b0adc1b7.js"],"component---src-pages-using-typescript-tsx":["/component---src-pages-using-typescript-tsx-31575a9311b29838513a.js"],"component---src-pages-ux-design-js":["/component---src-pages-ux-design-js-d1f616953f08d396ef4f.js"],"component---src-pages-wordpress-js":["/component---src-pages-wordpress-js-97f07b519a33ca6261a9.js"],"component---src-pages-work-js":["/component---src-pages-work-js-2f5536d3a72d699226aa.js"]}