{"namedChunkGroups":{"polyfill":{"name":"polyfill","assets":[{"name":"webpack-runtime-b639ece8383f4c44b8b2.js","size":5356},{"name":"dc6a8720040df98778fe970bf6c000a41750d3ae-3144ec2558fe23c78042.js","size":13056},{"name":"polyfill-61bbd98f30f05f48f9ab.js","size":85086}],"filteredAssets":0,"assetsSize":103498,"filteredAuxiliaryAssets":3,"auxiliaryAssetsSize":293655},"app":{"name":"app","assets":[{"name":"webpack-runtime-b639ece8383f4c44b8b2.js","size":5356},{"name":"framework-95f350d85a2f49fb7b27.js","size":129773},{"name":"styles.105146036a9dcd95944d.css","size":152},{"name":"b637e9a5-a3a9f9f89f49079e9ebc.js","size":90095},{"name":"dc6a8720040df98778fe970bf6c000a41750d3ae-3144ec2558fe23c78042.js","size":13056},{"name":"app-6ef63a2a560a7184c2c6.js","size":403591}],"filteredAssets":0,"assetsSize":642023,"filteredAuxiliaryAssets":10,"auxiliaryAssetsSize":2698526},"component---cache-caches-gatsby-plugin-offline-app-shell-js":{"name":"component---cache-caches-gatsby-plugin-offline-app-shell-js","assets":[{"name":"component---cache-caches-gatsby-plugin-offline-app-shell-js-76a1f6f3b33699e8c09e.js","size":517}],"filteredAssets":0,"assetsSize":517,"filteredAuxiliaryAssets":1,"auxiliaryAssetsSize":1647},"component---src-pages-404-js":{"name":"component---src-pages-404-js","assets":[{"name":"90efd91f6bc05a45f907f705c22c97514a841b4a-2a9ade7bcbe97d29712a.js","size":19454},{"name":"component---src-pages-404-js-c63f497e32d486173f79.js","size":1342}],"filteredAssets":0,"assetsSize":20796,"filteredAuxiliaryAssets":2,"auxiliaryAssetsSize":79272},"component---src-pages-about-js":{"name":"component---src-pages-about-js","assets":[{"name":"90efd91f6bc05a45f907f705c22c97514a841b4a-2a9ade7bcbe97d29712a.js","size":19454},{"name":"727fe0ae8670ecd9cb5a9b0796ac3fabc1d6b5f7-2c9df330ab69c02eb975.js","size":95902},{"name":"component---src-pages-about-js-f20d10bbfcc241d099cb.js","size":30064}],"filteredAssets":0,"assetsSize":145420,"filteredAuxiliaryAssets":5,"auxiliaryAssetsSize":632392},"component---src-pages-anchorwave-js":{"name":"component---src-pages-anchorwave-js","assets":[{"name":"90efd91f6bc05a45f907f705c22c97514a841b4a-2a9ade7bcbe97d29712a.js","size":19454},{"name":"727fe0ae8670ecd9cb5a9b0796ac3fabc1d6b5f7-2c9df330ab69c02eb975.js","size":95902},{"name":"component---src-pages-anchorwave-js-ef1d3d4fa1c664c7e88b.js","size":92895}],"filteredAssets":0,"assetsSize":208251,"filteredAuxiliaryAssets":7,"auxiliaryAssetsSize":884973},"component---src-pages-animated-js":{"name":"component---src-pages-animated-js","assets":[{"name":"90efd91f6bc05a45f907f705c22c97514a841b4a-2a9ade7bcbe97d29712a.js","size":19454},{"name":"d62cf4b5ddbe46b80ebafbd3fda93c7e6994656d-5ca5353116627b043ff5.js","size":19901},{"name":"d52d910f16d29bd7f8488d132fe4b67b7a9f9cf9-37886f5c66b56036716b.js","size":42048},{"name":"component---src-pages-animated-js-6792192daedad4b50788.js","size":1438}],"filteredAssets":0,"assetsSize":82841,"filteredAuxiliaryAssets":9,"auxiliaryAssetsSize":333215},"component---src-pages-battigayo-js":{"name":"component---src-pages-battigayo-js","assets":[{"name":"90efd91f6bc05a45f907f705c22c97514a841b4a-2a9ade7bcbe97d29712a.js","size":19454},{"name":"component---src-pages-battigayo-js-98ee0e4085a3bbe8e007.js","size":15714}],"filteredAssets":0,"assetsSize":35168,"filteredAuxiliaryAssets":3,"auxiliaryAssetsSize":116843},"component---src-pages-contact-js":{"name":"component---src-pages-contact-js","assets":[{"name":"90efd91f6bc05a45f907f705c22c97514a841b4a-2a9ade7bcbe97d29712a.js","size":19454},{"name":"component---src-pages-contact-js-c8e04263e43b82f982da.js","size":142054}],"filteredAssets":0,"assetsSize":161508,"filteredAuxiliaryAssets":2,"auxiliaryAssetsSize":703899},"component---src-pages-discovery-world-trekking-js":{"name":"component---src-pages-discovery-world-trekking-js","assets":[{"name":"90efd91f6bc05a45f907f705c22c97514a841b4a-2a9ade7bcbe97d29712a.js","size":19454},{"name":"d62cf4b5ddbe46b80ebafbd3fda93c7e6994656d-5ca5353116627b043ff5.js","size":19901},{"name":"component---src-pages-discovery-world-trekking-js-a2cf18c4582de09cd318.js","size":17532}],"filteredAssets":0,"assetsSize":56887,"filteredAuxiliaryAssets":4,"auxiliaryAssetsSize":179888},"component---src-pages-index-js":{"name":"component---src-pages-index-js","assets":[{"name":"90efd91f6bc05a45f907f705c22c97514a841b4a-2a9ade7bcbe97d29712a.js","size":19454},{"name":"d62cf4b5ddbe46b80ebafbd3fda93c7e6994656d-5ca5353116627b043ff5.js","size":19901},{"name":"d52d910f16d29bd7f8488d132fe4b67b7a9f9cf9-37886f5c66b56036716b.js","size":42048},{"name":"component---src-pages-index-js-a3f6eb2cd84e91b46d64.js","size":1384}],"filteredAssets":0,"assetsSize":82787,"filteredAuxiliaryAssets":9,"auxiliaryAssetsSize":333006},"component---src-pages-mediabook-js":{"name":"component---src-pages-mediabook-js","assets":[{"name":"90efd91f6bc05a45f907f705c22c97514a841b4a-2a9ade7bcbe97d29712a.js","size":19454},{"name":"component---src-pages-mediabook-js-286f34495b492eed1eb5.js","size":7724}],"filteredAssets":0,"assetsSize":27178,"filteredAuxiliaryAssets":2,"auxiliaryAssetsSize":87819},"component---src-pages-service-single-js":{"name":"component---src-pages-service-single-js","assets":[{"name":"90efd91f6bc05a45f907f705c22c97514a841b4a-2a9ade7bcbe97d29712a.js","size":19454},{"name":"component---src-pages-service-single-js-2ce11ddf50f768c454db.js","size":31505}],"filteredAssets":0,"assetsSize":50959,"filteredAuxiliaryAssets":6,"auxiliaryAssetsSize":399852},"component---src-pages-using-typescript-tsx":{"name":"component---src-pages-using-typescript-tsx","assets":[{"name":"90efd91f6bc05a45f907f705c22c97514a841b4a-2a9ade7bcbe97d29712a.js","size":19454},{"name":"component---src-pages-using-typescript-tsx-ecae756901c07d38b233.js","size":1296}],"filteredAssets":0,"assetsSize":20750,"filteredAuxiliaryAssets":2,"auxiliaryAssetsSize":78041},"component---src-pages-ux-design-js":{"name":"component---src-pages-ux-design-js","assets":[{"name":"90efd91f6bc05a45f907f705c22c97514a841b4a-2a9ade7bcbe97d29712a.js","size":19454},{"name":"component---src-pages-ux-design-js-df067307b432584042c8.js","size":18574}],"filteredAssets":0,"assetsSize":38028,"filteredAuxiliaryAssets":11,"auxiliaryAssetsSize":1631187},"component---src-pages-work-js":{"name":"component---src-pages-work-js","assets":[{"name":"90efd91f6bc05a45f907f705c22c97514a841b4a-2a9ade7bcbe97d29712a.js","size":19454},{"name":"component---src-pages-work-js-39783e9936ac7ecc758e.js","size":88231}],"filteredAssets":0,"assetsSize":107685,"filteredAuxiliaryAssets":3,"auxiliaryAssetsSize":378503}},"assetsByChunkName":{"polyfill":["webpack-runtime-b639ece8383f4c44b8b2.js","dc6a8720040df98778fe970bf6c000a41750d3ae-3144ec2558fe23c78042.js","polyfill-61bbd98f30f05f48f9ab.js"],"app":["webpack-runtime-b639ece8383f4c44b8b2.js","framework-95f350d85a2f49fb7b27.js","styles.105146036a9dcd95944d.css","b637e9a5-a3a9f9f89f49079e9ebc.js","dc6a8720040df98778fe970bf6c000a41750d3ae-3144ec2558fe23c78042.js","app-6ef63a2a560a7184c2c6.js"],"component---cache-caches-gatsby-plugin-offline-app-shell-js":["component---cache-caches-gatsby-plugin-offline-app-shell-js-76a1f6f3b33699e8c09e.js"],"component---src-pages-404-js":["90efd91f6bc05a45f907f705c22c97514a841b4a-2a9ade7bcbe97d29712a.js","component---src-pages-404-js-c63f497e32d486173f79.js"],"component---src-pages-about-js":["90efd91f6bc05a45f907f705c22c97514a841b4a-2a9ade7bcbe97d29712a.js","727fe0ae8670ecd9cb5a9b0796ac3fabc1d6b5f7-2c9df330ab69c02eb975.js","component---src-pages-about-js-f20d10bbfcc241d099cb.js"],"component---src-pages-anchorwave-js":["90efd91f6bc05a45f907f705c22c97514a841b4a-2a9ade7bcbe97d29712a.js","727fe0ae8670ecd9cb5a9b0796ac3fabc1d6b5f7-2c9df330ab69c02eb975.js","component---src-pages-anchorwave-js-ef1d3d4fa1c664c7e88b.js"],"component---src-pages-animated-js":["90efd91f6bc05a45f907f705c22c97514a841b4a-2a9ade7bcbe97d29712a.js","d62cf4b5ddbe46b80ebafbd3fda93c7e6994656d-5ca5353116627b043ff5.js","d52d910f16d29bd7f8488d132fe4b67b7a9f9cf9-37886f5c66b56036716b.js","component---src-pages-animated-js-6792192daedad4b50788.js"],"component---src-pages-battigayo-js":["90efd91f6bc05a45f907f705c22c97514a841b4a-2a9ade7bcbe97d29712a.js","component---src-pages-battigayo-js-98ee0e4085a3bbe8e007.js"],"component---src-pages-contact-js":["90efd91f6bc05a45f907f705c22c97514a841b4a-2a9ade7bcbe97d29712a.js","component---src-pages-contact-js-c8e04263e43b82f982da.js"],"component---src-pages-discovery-world-trekking-js":["90efd91f6bc05a45f907f705c22c97514a841b4a-2a9ade7bcbe97d29712a.js","d62cf4b5ddbe46b80ebafbd3fda93c7e6994656d-5ca5353116627b043ff5.js","component---src-pages-discovery-world-trekking-js-a2cf18c4582de09cd318.js"],"component---src-pages-index-js":["90efd91f6bc05a45f907f705c22c97514a841b4a-2a9ade7bcbe97d29712a.js","d62cf4b5ddbe46b80ebafbd3fda93c7e6994656d-5ca5353116627b043ff5.js","d52d910f16d29bd7f8488d132fe4b67b7a9f9cf9-37886f5c66b56036716b.js","component---src-pages-index-js-a3f6eb2cd84e91b46d64.js"],"component---src-pages-mediabook-js":["90efd91f6bc05a45f907f705c22c97514a841b4a-2a9ade7bcbe97d29712a.js","component---src-pages-mediabook-js-286f34495b492eed1eb5.js"],"component---src-pages-service-single-js":["90efd91f6bc05a45f907f705c22c97514a841b4a-2a9ade7bcbe97d29712a.js","component---src-pages-service-single-js-2ce11ddf50f768c454db.js"],"component---src-pages-using-typescript-tsx":["90efd91f6bc05a45f907f705c22c97514a841b4a-2a9ade7bcbe97d29712a.js","component---src-pages-using-typescript-tsx-ecae756901c07d38b233.js"],"component---src-pages-ux-design-js":["90efd91f6bc05a45f907f705c22c97514a841b4a-2a9ade7bcbe97d29712a.js","component---src-pages-ux-design-js-df067307b432584042c8.js"],"component---src-pages-work-js":["90efd91f6bc05a45f907f705c22c97514a841b4a-2a9ade7bcbe97d29712a.js","component---src-pages-work-js-39783e9936ac7ecc758e.js"]},"childAssetsByChunkName":{}}