{"name":"build-javascript","namedChunkGroups":{"app":{"name":"app","assets":[{"name":"webpack-runtime-8aa6e00ca79d02585cc5.js","size":5401},{"name":"framework-45add759ca8f6d2b712e.js","size":140759},{"name":"styles.25308edfc6479732ff9d.css","size":173521},{"name":"b637e9a5-fd499fde14cef9036c9a.js","size":87273},{"name":"94726e6d-30e857b62cd635074f67.js","size":51680},{"name":"app-00d36fde93c641075d22.js","size":138069}],"filteredAssets":0,"assetsSize":596703,"filteredAuxiliaryAssets":13,"auxiliaryAssetsSize":1859013},"component---cache-caches-gatsby-plugin-offline-app-shell-js":{"name":"component---cache-caches-gatsby-plugin-offline-app-shell-js","assets":[{"name":"component---cache-caches-gatsby-plugin-offline-app-shell-js-f063bdbfba76d039a0f3.js","size":513}],"filteredAssets":0,"assetsSize":513,"filteredAuxiliaryAssets":1,"auxiliaryAssetsSize":1646},"component---src-pages-404-js":{"name":"component---src-pages-404-js","assets":[{"name":"dbf843b7f00421134c8415c22fc601550bb6f2d5-31739acc3e616c5173ac.js","size":19540},{"name":"50a4b50c3e0565a4c4fe50ecd1e549f2ee37b18f-c4a19447f90c5b0e84cd.js","size":35411},{"name":"component---src-pages-404-js-f858ac9bf1dcac56d6f3.js","size":1399}],"filteredAssets":0,"assetsSize":56350,"filteredAuxiliaryAssets":3,"auxiliaryAssetsSize":184650},"component---src-pages-about-js":{"name":"component---src-pages-about-js","assets":[{"name":"dbf843b7f00421134c8415c22fc601550bb6f2d5-31739acc3e616c5173ac.js","size":19540},{"name":"50a4b50c3e0565a4c4fe50ecd1e549f2ee37b18f-c4a19447f90c5b0e84cd.js","size":35411},{"name":"3c743ff99b3cfb27f91a58f4bc98db2ce554b591-9149dd3c2f0df1f4dca6.js","size":130689},{"name":"418acec95067fb32f6fd54597028e22f231393b5-ce390c63a23f9e7af1e5.js","size":10760},{"name":"component---src-pages-about-js-8c350af766b941e89a49.js","size":18628}],"filteredAssets":0,"assetsSize":215028,"filteredAuxiliaryAssets":6,"auxiliaryAssetsSize":852890},"component---src-pages-anchorwave-js":{"name":"component---src-pages-anchorwave-js","assets":[{"name":"dbf843b7f00421134c8415c22fc601550bb6f2d5-31739acc3e616c5173ac.js","size":19540},{"name":"50a4b50c3e0565a4c4fe50ecd1e549f2ee37b18f-c4a19447f90c5b0e84cd.js","size":35411},{"name":"3c743ff99b3cfb27f91a58f4bc98db2ce554b591-9149dd3c2f0df1f4dca6.js","size":130689},{"name":"efa8bcaa67932873514933ad48a02b97e636fc01-d679289a75b253cfc7e8.js","size":66647},{"name":"component---src-pages-anchorwave-js-c73535f7a8069a81e1aa.js","size":28328}],"filteredAssets":0,"assetsSize":280615,"filteredAuxiliaryAssets":18,"auxiliaryAssetsSize":1922341},"component---src-pages-animated-js":{"name":"component---src-pages-animated-js","assets":[{"name":"dbf843b7f00421134c8415c22fc601550bb6f2d5-31739acc3e616c5173ac.js","size":19540},{"name":"50a4b50c3e0565a4c4fe50ecd1e549f2ee37b18f-c4a19447f90c5b0e84cd.js","size":35411},{"name":"3c743ff99b3cfb27f91a58f4bc98db2ce554b591-9149dd3c2f0df1f4dca6.js","size":130689},{"name":"418acec95067fb32f6fd54597028e22f231393b5-ce390c63a23f9e7af1e5.js","size":10760},{"name":"d52d910f16d29bd7f8488d132fe4b67b7a9f9cf9-59807b589f08823942ae.js","size":24279},{"name":"component---src-pages-animated-js-5b436e88ecf3a3291cad.js","size":91456}],"filteredAssets":0,"assetsSize":312135,"filteredAuxiliaryAssets":10,"auxiliaryAssetsSize":1330594},"component---src-pages-b-2-b-services-js":{"name":"component---src-pages-b-2-b-services-js","assets":[{"name":"dbf843b7f00421134c8415c22fc601550bb6f2d5-31739acc3e616c5173ac.js","size":19540},{"name":"50a4b50c3e0565a4c4fe50ecd1e549f2ee37b18f-c4a19447f90c5b0e84cd.js","size":35411},{"name":"3c743ff99b3cfb27f91a58f4bc98db2ce554b591-9149dd3c2f0df1f4dca6.js","size":130689},{"name":"component---src-pages-b-2-b-services-js-01f138e6bbaccd6e59aa.js","size":7808}],"filteredAssets":0,"assetsSize":193448,"filteredAuxiliaryAssets":8,"auxiliaryAssetsSize":1086350},"component---src-pages-battigayo-js":{"name":"component---src-pages-battigayo-js","assets":[{"name":"dbf843b7f00421134c8415c22fc601550bb6f2d5-31739acc3e616c5173ac.js","size":19540},{"name":"50a4b50c3e0565a4c4fe50ecd1e549f2ee37b18f-c4a19447f90c5b0e84cd.js","size":35411},{"name":"3c743ff99b3cfb27f91a58f4bc98db2ce554b591-9149dd3c2f0df1f4dca6.js","size":130689},{"name":"component---src-pages-battigayo-js-aed03299f77e34dfde5a.js","size":6342}],"filteredAssets":0,"assetsSize":191982,"filteredAuxiliaryAssets":4,"auxiliaryAssetsSize":780102},"component---src-pages-contact-js":{"name":"component---src-pages-contact-js","assets":[{"name":"dbf843b7f00421134c8415c22fc601550bb6f2d5-31739acc3e616c5173ac.js","size":19540},{"name":"50a4b50c3e0565a4c4fe50ecd1e549f2ee37b18f-c4a19447f90c5b0e84cd.js","size":35411},{"name":"component---src-pages-contact-js-2a083eb691dac8cb4626.js","size":5062}],"filteredAssets":0,"assetsSize":60013,"filteredAuxiliaryAssets":3,"auxiliaryAssetsSize":186275},"component---src-pages-discovery-world-trekking-js":{"name":"component---src-pages-discovery-world-trekking-js","assets":[{"name":"dbf843b7f00421134c8415c22fc601550bb6f2d5-31739acc3e616c5173ac.js","size":19540},{"name":"50a4b50c3e0565a4c4fe50ecd1e549f2ee37b18f-c4a19447f90c5b0e84cd.js","size":35411},{"name":"3c743ff99b3cfb27f91a58f4bc98db2ce554b591-9149dd3c2f0df1f4dca6.js","size":130689},{"name":"418acec95067fb32f6fd54597028e22f231393b5-ce390c63a23f9e7af1e5.js","size":10760},{"name":"component---src-pages-discovery-world-trekking-js-f989d2f0d2375abf446c.js","size":17503}],"filteredAssets":0,"assetsSize":213903,"filteredAuxiliaryAssets":5,"auxiliaryAssetsSize":845315},"component---src-pages-e-11-group-js":{"name":"component---src-pages-e-11-group-js","assets":[{"name":"dbf843b7f00421134c8415c22fc601550bb6f2d5-31739acc3e616c5173ac.js","size":19540},{"name":"50a4b50c3e0565a4c4fe50ecd1e549f2ee37b18f-c4a19447f90c5b0e84cd.js","size":35411},{"name":"3c743ff99b3cfb27f91a58f4bc98db2ce554b591-9149dd3c2f0df1f4dca6.js","size":130689},{"name":"efa8bcaa67932873514933ad48a02b97e636fc01-d679289a75b253cfc7e8.js","size":66647},{"name":"component---src-pages-e-11-group-js-3dcbb168980ede17d671.js","size":28474}],"filteredAssets":0,"assetsSize":280761,"filteredAuxiliaryAssets":18,"auxiliaryAssetsSize":1922410},"component---src-pages-highstep-js":{"name":"component---src-pages-highstep-js","assets":[{"name":"dbf843b7f00421134c8415c22fc601550bb6f2d5-31739acc3e616c5173ac.js","size":19540},{"name":"50a4b50c3e0565a4c4fe50ecd1e549f2ee37b18f-c4a19447f90c5b0e84cd.js","size":35411},{"name":"3c743ff99b3cfb27f91a58f4bc98db2ce554b591-9149dd3c2f0df1f4dca6.js","size":130689},{"name":"efa8bcaa67932873514933ad48a02b97e636fc01-d679289a75b253cfc7e8.js","size":66647},{"name":"component---src-pages-highstep-js-c174c8059c8deaa7e80c.js","size":11937}],"filteredAssets":0,"assetsSize":264224,"filteredAuxiliaryAssets":13,"auxiliaryAssetsSize":1374003},"component---src-pages-index-js":{"name":"component---src-pages-index-js","assets":[{"name":"dbf843b7f00421134c8415c22fc601550bb6f2d5-31739acc3e616c5173ac.js","size":19540},{"name":"50a4b50c3e0565a4c4fe50ecd1e549f2ee37b18f-c4a19447f90c5b0e84cd.js","size":35411},{"name":"3c743ff99b3cfb27f91a58f4bc98db2ce554b591-9149dd3c2f0df1f4dca6.js","size":130689},{"name":"418acec95067fb32f6fd54597028e22f231393b5-ce390c63a23f9e7af1e5.js","size":10760},{"name":"d52d910f16d29bd7f8488d132fe4b67b7a9f9cf9-59807b589f08823942ae.js","size":24279},{"name":"component---src-pages-index-js-8d8e9828a9e157837086.js","size":1309}],"filteredAssets":0,"assetsSize":221988,"filteredAuxiliaryAssets":10,"auxiliaryAssetsSize":949595},"component---src-pages-mediabook-js":{"name":"component---src-pages-mediabook-js","assets":[{"name":"dbf843b7f00421134c8415c22fc601550bb6f2d5-31739acc3e616c5173ac.js","size":19540},{"name":"50a4b50c3e0565a4c4fe50ecd1e549f2ee37b18f-c4a19447f90c5b0e84cd.js","size":35411},{"name":"component---src-pages-mediabook-js-9d9b6f6e1adcd4cd4031.js","size":3871}],"filteredAssets":0,"assetsSize":58822,"filteredAuxiliaryAssets":3,"auxiliaryAssetsSize":184807},"component---src-pages-twins-uk-js":{"name":"component---src-pages-twins-uk-js","assets":[{"name":"dbf843b7f00421134c8415c22fc601550bb6f2d5-31739acc3e616c5173ac.js","size":19540},{"name":"50a4b50c3e0565a4c4fe50ecd1e549f2ee37b18f-c4a19447f90c5b0e84cd.js","size":35411},{"name":"3c743ff99b3cfb27f91a58f4bc98db2ce554b591-9149dd3c2f0df1f4dca6.js","size":130689},{"name":"component---src-pages-twins-uk-js-6c0dbed85921b0adc1b7.js","size":17375}],"filteredAssets":0,"assetsSize":203015,"filteredAuxiliaryAssets":8,"auxiliaryAssetsSize":3030530},"component---src-pages-using-typescript-tsx":{"name":"component---src-pages-using-typescript-tsx","assets":[{"name":"dbf843b7f00421134c8415c22fc601550bb6f2d5-31739acc3e616c5173ac.js","size":19540},{"name":"component---src-pages-using-typescript-tsx-31575a9311b29838513a.js","size":1304}],"filteredAssets":0,"assetsSize":20844,"filteredAuxiliaryAssets":2,"auxiliaryAssetsSize":83164},"component---src-pages-ux-design-js":{"name":"component---src-pages-ux-design-js","assets":[{"name":"dbf843b7f00421134c8415c22fc601550bb6f2d5-31739acc3e616c5173ac.js","size":19540},{"name":"50a4b50c3e0565a4c4fe50ecd1e549f2ee37b18f-c4a19447f90c5b0e84cd.js","size":35411},{"name":"3c743ff99b3cfb27f91a58f4bc98db2ce554b591-9149dd3c2f0df1f4dca6.js","size":130689},{"name":"component---src-pages-ux-design-js-d1f616953f08d396ef4f.js","size":9213}],"filteredAssets":0,"assetsSize":194853,"filteredAuxiliaryAssets":12,"auxiliaryAssetsSize":2294984},"component---src-pages-wordpress-js":{"name":"component---src-pages-wordpress-js","assets":[{"name":"dbf843b7f00421134c8415c22fc601550bb6f2d5-31739acc3e616c5173ac.js","size":19540},{"name":"50a4b50c3e0565a4c4fe50ecd1e549f2ee37b18f-c4a19447f90c5b0e84cd.js","size":35411},{"name":"3c743ff99b3cfb27f91a58f4bc98db2ce554b591-9149dd3c2f0df1f4dca6.js","size":130689},{"name":"component---src-pages-wordpress-js-97f07b519a33ca6261a9.js","size":22431}],"filteredAssets":0,"assetsSize":208071,"filteredAuxiliaryAssets":9,"auxiliaryAssetsSize":1165222},"component---src-pages-work-js":{"name":"component---src-pages-work-js","assets":[{"name":"dbf843b7f00421134c8415c22fc601550bb6f2d5-31739acc3e616c5173ac.js","size":19540},{"name":"50a4b50c3e0565a4c4fe50ecd1e549f2ee37b18f-c4a19447f90c5b0e84cd.js","size":35411},{"name":"3c743ff99b3cfb27f91a58f4bc98db2ce554b591-9149dd3c2f0df1f4dca6.js","size":130689},{"name":"418acec95067fb32f6fd54597028e22f231393b5-ce390c63a23f9e7af1e5.js","size":10760},{"name":"component---src-pages-work-js-2f5536d3a72d699226aa.js","size":72015}],"filteredAssets":0,"assetsSize":268415,"filteredAuxiliaryAssets":5,"auxiliaryAssetsSize":1089101}},"assetsByChunkName":{"app":["webpack-runtime-8aa6e00ca79d02585cc5.js","framework-45add759ca8f6d2b712e.js","styles.25308edfc6479732ff9d.css","b637e9a5-fd499fde14cef9036c9a.js","94726e6d-30e857b62cd635074f67.js","app-00d36fde93c641075d22.js"],"component---cache-caches-gatsby-plugin-offline-app-shell-js":["component---cache-caches-gatsby-plugin-offline-app-shell-js-f063bdbfba76d039a0f3.js"],"component---src-pages-404-js":["dbf843b7f00421134c8415c22fc601550bb6f2d5-31739acc3e616c5173ac.js","50a4b50c3e0565a4c4fe50ecd1e549f2ee37b18f-c4a19447f90c5b0e84cd.js","component---src-pages-404-js-f858ac9bf1dcac56d6f3.js"],"component---src-pages-about-js":["dbf843b7f00421134c8415c22fc601550bb6f2d5-31739acc3e616c5173ac.js","50a4b50c3e0565a4c4fe50ecd1e549f2ee37b18f-c4a19447f90c5b0e84cd.js","3c743ff99b3cfb27f91a58f4bc98db2ce554b591-9149dd3c2f0df1f4dca6.js","418acec95067fb32f6fd54597028e22f231393b5-ce390c63a23f9e7af1e5.js","component---src-pages-about-js-8c350af766b941e89a49.js"],"component---src-pages-anchorwave-js":["dbf843b7f00421134c8415c22fc601550bb6f2d5-31739acc3e616c5173ac.js","50a4b50c3e0565a4c4fe50ecd1e549f2ee37b18f-c4a19447f90c5b0e84cd.js","3c743ff99b3cfb27f91a58f4bc98db2ce554b591-9149dd3c2f0df1f4dca6.js","efa8bcaa67932873514933ad48a02b97e636fc01-d679289a75b253cfc7e8.js","component---src-pages-anchorwave-js-c73535f7a8069a81e1aa.js"],"component---src-pages-animated-js":["dbf843b7f00421134c8415c22fc601550bb6f2d5-31739acc3e616c5173ac.js","50a4b50c3e0565a4c4fe50ecd1e549f2ee37b18f-c4a19447f90c5b0e84cd.js","3c743ff99b3cfb27f91a58f4bc98db2ce554b591-9149dd3c2f0df1f4dca6.js","418acec95067fb32f6fd54597028e22f231393b5-ce390c63a23f9e7af1e5.js","d52d910f16d29bd7f8488d132fe4b67b7a9f9cf9-59807b589f08823942ae.js","component---src-pages-animated-js-5b436e88ecf3a3291cad.js"],"component---src-pages-b-2-b-services-js":["dbf843b7f00421134c8415c22fc601550bb6f2d5-31739acc3e616c5173ac.js","50a4b50c3e0565a4c4fe50ecd1e549f2ee37b18f-c4a19447f90c5b0e84cd.js","3c743ff99b3cfb27f91a58f4bc98db2ce554b591-9149dd3c2f0df1f4dca6.js","component---src-pages-b-2-b-services-js-01f138e6bbaccd6e59aa.js"],"component---src-pages-battigayo-js":["dbf843b7f00421134c8415c22fc601550bb6f2d5-31739acc3e616c5173ac.js","50a4b50c3e0565a4c4fe50ecd1e549f2ee37b18f-c4a19447f90c5b0e84cd.js","3c743ff99b3cfb27f91a58f4bc98db2ce554b591-9149dd3c2f0df1f4dca6.js","component---src-pages-battigayo-js-aed03299f77e34dfde5a.js"],"component---src-pages-contact-js":["dbf843b7f00421134c8415c22fc601550bb6f2d5-31739acc3e616c5173ac.js","50a4b50c3e0565a4c4fe50ecd1e549f2ee37b18f-c4a19447f90c5b0e84cd.js","component---src-pages-contact-js-2a083eb691dac8cb4626.js"],"component---src-pages-discovery-world-trekking-js":["dbf843b7f00421134c8415c22fc601550bb6f2d5-31739acc3e616c5173ac.js","50a4b50c3e0565a4c4fe50ecd1e549f2ee37b18f-c4a19447f90c5b0e84cd.js","3c743ff99b3cfb27f91a58f4bc98db2ce554b591-9149dd3c2f0df1f4dca6.js","418acec95067fb32f6fd54597028e22f231393b5-ce390c63a23f9e7af1e5.js","component---src-pages-discovery-world-trekking-js-f989d2f0d2375abf446c.js"],"component---src-pages-e-11-group-js":["dbf843b7f00421134c8415c22fc601550bb6f2d5-31739acc3e616c5173ac.js","50a4b50c3e0565a4c4fe50ecd1e549f2ee37b18f-c4a19447f90c5b0e84cd.js","3c743ff99b3cfb27f91a58f4bc98db2ce554b591-9149dd3c2f0df1f4dca6.js","efa8bcaa67932873514933ad48a02b97e636fc01-d679289a75b253cfc7e8.js","component---src-pages-e-11-group-js-3dcbb168980ede17d671.js"],"component---src-pages-highstep-js":["dbf843b7f00421134c8415c22fc601550bb6f2d5-31739acc3e616c5173ac.js","50a4b50c3e0565a4c4fe50ecd1e549f2ee37b18f-c4a19447f90c5b0e84cd.js","3c743ff99b3cfb27f91a58f4bc98db2ce554b591-9149dd3c2f0df1f4dca6.js","efa8bcaa67932873514933ad48a02b97e636fc01-d679289a75b253cfc7e8.js","component---src-pages-highstep-js-c174c8059c8deaa7e80c.js"],"component---src-pages-index-js":["dbf843b7f00421134c8415c22fc601550bb6f2d5-31739acc3e616c5173ac.js","50a4b50c3e0565a4c4fe50ecd1e549f2ee37b18f-c4a19447f90c5b0e84cd.js","3c743ff99b3cfb27f91a58f4bc98db2ce554b591-9149dd3c2f0df1f4dca6.js","418acec95067fb32f6fd54597028e22f231393b5-ce390c63a23f9e7af1e5.js","d52d910f16d29bd7f8488d132fe4b67b7a9f9cf9-59807b589f08823942ae.js","component---src-pages-index-js-8d8e9828a9e157837086.js"],"component---src-pages-mediabook-js":["dbf843b7f00421134c8415c22fc601550bb6f2d5-31739acc3e616c5173ac.js","50a4b50c3e0565a4c4fe50ecd1e549f2ee37b18f-c4a19447f90c5b0e84cd.js","component---src-pages-mediabook-js-9d9b6f6e1adcd4cd4031.js"],"component---src-pages-twins-uk-js":["dbf843b7f00421134c8415c22fc601550bb6f2d5-31739acc3e616c5173ac.js","50a4b50c3e0565a4c4fe50ecd1e549f2ee37b18f-c4a19447f90c5b0e84cd.js","3c743ff99b3cfb27f91a58f4bc98db2ce554b591-9149dd3c2f0df1f4dca6.js","component---src-pages-twins-uk-js-6c0dbed85921b0adc1b7.js"],"component---src-pages-using-typescript-tsx":["dbf843b7f00421134c8415c22fc601550bb6f2d5-31739acc3e616c5173ac.js","component---src-pages-using-typescript-tsx-31575a9311b29838513a.js"],"component---src-pages-ux-design-js":["dbf843b7f00421134c8415c22fc601550bb6f2d5-31739acc3e616c5173ac.js","50a4b50c3e0565a4c4fe50ecd1e549f2ee37b18f-c4a19447f90c5b0e84cd.js","3c743ff99b3cfb27f91a58f4bc98db2ce554b591-9149dd3c2f0df1f4dca6.js","component---src-pages-ux-design-js-d1f616953f08d396ef4f.js"],"component---src-pages-wordpress-js":["dbf843b7f00421134c8415c22fc601550bb6f2d5-31739acc3e616c5173ac.js","50a4b50c3e0565a4c4fe50ecd1e549f2ee37b18f-c4a19447f90c5b0e84cd.js","3c743ff99b3cfb27f91a58f4bc98db2ce554b591-9149dd3c2f0df1f4dca6.js","component---src-pages-wordpress-js-97f07b519a33ca6261a9.js"],"component---src-pages-work-js":["dbf843b7f00421134c8415c22fc601550bb6f2d5-31739acc3e616c5173ac.js","50a4b50c3e0565a4c4fe50ecd1e549f2ee37b18f-c4a19447f90c5b0e84cd.js","3c743ff99b3cfb27f91a58f4bc98db2ce554b591-9149dd3c2f0df1f4dca6.js","418acec95067fb32f6fd54597028e22f231393b5-ce390c63a23f9e7af1e5.js","component---src-pages-work-js-2f5536d3a72d699226aa.js"]},"childAssetsByChunkName":{}}